{
  "run_at": "2026-05-28T01:21:48.746978+00:00",
  "backend": "rules",
  "runs": 20,
  "notes": "Rules path only. No LLM calls. For LLM path numbers run: python bench.py --backend hybrid --runs 20",
  "stages": {
    "embedding": {
      "mean": 20.461716651334427,
      "p50": 22.032062464859337,
      "median": 22.032062464859337,
      "p75": 26.44598949700594,
      "p95": 29.884744057198994,
      "p99": 37.1686151891481,
      "max": 38.989582972135395
    },
    "vector_query": {
      "mean": 1.5053230512421578,
      "p50": 1.3783334870822728,
      "median": 1.3783334870822728,
      "p75": 1.7012712196446955,
      "p95": 2.0786666340427473,
      "p99": 2.107799761579372,
      "max": 2.115083043463528
    },
    "rules_inference": {
      "mean": 1.192226991406642,
      "p50": 1.175957964733243,
      "median": 1.175957964733243,
      "p75": 1.214009986142628,
      "p95": 1.314746149000712,
      "p99": 1.5401492227101694,
      "max": 1.5964999911375344
    },
    "validation": {
      "mean": 0.025224851560778916,
      "p50": 0.016333040548488498,
      "median": 0.016333040548488498,
      "p75": 0.018020713469013572,
      "p95": 0.05898747476749129,
      "p99": 0.13669749139808104,
      "max": 0.15612499555572867
    },
    "total": {
      "mean": 23.19114595593419,
      "p50": 24.93868747842498,
      "median": 24.93868747842498,
      "p75": 28.982874981011264,
      "p95": 32.958918160875335,
      "p99": 40.566550829098546,
      "max": 42.46845899615437
    }
  },
  "target_met": true,
  "breach_count": 0
}