{
  "run_at": "2026-05-28T00:44:08.192850+00:00",
  "backend": "rules",
  "runs": 20,
  "notes": "Rules path only. No LLM calls. For LLM path numbers run: python bench.py --backend hybrid --runs 20",
  "stages": {
    "embedding": {
      "median": 26.718228997197002,
      "p75": 63.841280760243535,
      "p95": 280.5562339955942,
      "max": 470.9960839827545
    },
    "vector_query": {
      "median": 1.3461459893733263,
      "p75": 1.4339267800096422,
      "p95": 1.657675599562936,
      "max": 2.20566603820771
    },
    "rules_inference": {
      "median": 1.1862705287057906,
      "p75": 1.2669584975810722,
      "p95": 1.4049878140212968,
      "max": 1.5464579919353127
    },
    "validation": {
      "median": 0.01754198456183076,
      "p75": 0.020146224414929748,
      "p95": 0.03603961085900665,
      "max": 0.04391703987494111
    },
    "total": {
      "median": 29.448312503518537,
      "p75": 67.32814626593608,
      "p95": 283.3634500275367,
      "max": 473.48124999552965
    }
  },
  "target_met": true,
  "breach_count": 0
}