{
  "run_at": "2026-05-28T00:00:16.395177+00:00",
  "runs": 5,
  "stages": {
    "embedding": {
      "median": 26.249209011439234,
      "p75": 34.30724999634549,
      "p95": 43.650183582212776,
      "max": 45.9859169786796
    },
    "vector_query": {
      "median": 1.3991669984534383,
      "p75": 1.690416014753282,
      "p95": 1.792549598030746,
      "max": 1.818082993850112
    },
    "llm_inference": {
      "median": 1.3707500183954835,
      "p75": 1.3946250546723604,
      "p95": 1.6112914308905602,
      "max": 1.66545802494511
    },
    "validation": {
      "median": 0.018749968148767948,
      "p75": 0.03529200330376625,
      "p95": 0.1318584196269512,
      "max": 0.15600002370774746
    },
    "total": {
      "median": 28.77595799509436,
      "p75": 37.30958403320983,
      "p95": 46.94711678894237,
      "max": 49.3564999778755
    }
  },
  "target_met": true,
  "breach_count": 0
}